<addonConfiguration xmlns:xsi="http://www.w3.org/2001/XMLSchema-instance"
                    xsi:noNamespaceSchemaLocation="config/lucy/addons.xsd">
  <addons>
    <include>lucy/addons.xml</include>

    <!--Configure the Lightspeed views appropriately for running in an SWT environment-->
    <addon>
      <priority>data_consumer</priority>
      <name>Lightspeed Map</name>
      <class>com.luciad.lucy.addons.lspmap.TLcyLspMapAddOn</class>
      <configFile>lucy/lspmap/TLcyLspMapAddOn_eclipse.cfg</configFile>
    </addon>

    <addon>
      <priority>late</priority>
      <name>Workspace</name>
      <class>com.luciad.lucy.addons.workspace.TLcyWorkspaceAddon</class>
      <configFile>lucy/workspace/workspace_addon_eclipse.cfg</configFile>
    </addon>
  </addons>
</addonConfiguration>
